{
    "PREP": 4.237250804901123,
    "EPOCHS": [
        35.05134963989258,
        32.42787408828735,
        32.309268951416016,
        31.89808225631714,
        32.13291144371033
    ],
    "EVAL": 0.1816556453704834
}