{
    "PREP": 5.259705066680908,
    "EPOCHS": [
        48.9603488445282,
        47.028499603271484,
        46.614792585372925,
        46.60593008995056,
        46.79888463020325
    ],
    "EVAL": 10.849171876907349
}