{
    "PREP": 4.488787889480591,
    "EPOCHS": [
        34.50978469848633,
        32.21201491355896,
        31.929697513580322,
        32.12583637237549,
        32.14783191680908
    ],
    "EVAL": 11.212309837341309
}