{
    "PREP": 4.160249948501587,
    "EPOCHS": [
        34.36566972732544,
        32.06479620933533,
        32.08497619628906,
        32.04064059257507,
        32.04355216026306
    ],
    "EVAL": 11.248532056808472
}