{
    "PREP": 4.233371734619141,
    "EPOCHS": [
        34.48873496055603,
        31.958617448806763,
        32.00833487510681,
        31.93631863594055,
        32.087687253952026
    ],
    "EVAL": 11.258183240890503
}