{
    "PREP": 4.499648571014404,
    "EPOCHS": [
        34.49771523475647,
        32.03262948989868,
        31.9675714969635,
        32.03360557556152,
        31.88007092475891
    ],
    "EVAL": 11.228685855865479
}