{
    "PREP": 4.2811853885650635,
    "EPOCHS": [
        34.54620051383972,
        31.948779344558716,
        31.818416595458984,
        32.05985999107361,
        32.05739974975586
    ],
    "EVAL": 11.195847749710083
}