{
    "PREP": 4.354969263076782,
    "EPOCHS": [
        34.64273691177368,
        31.98714828491211,
        32.06789040565491,
        32.024616956710815,
        32.027249574661255
    ],
    "EVAL": 11.194422006607056
}