{
    "PREP": 4.294047117233276,
    "EPOCHS": [
        34.499716997146606,
        32.18560600280762,
        32.23904871940613,
        32.20779800415039,
        32.079891204833984
    ],
    "EVAL": 11.214284420013428
}