{
    "PREP": 4.411633729934692,
    "EPOCHS": [
        34.457133769989014,
        32.00723338127136,
        31.893450498580933,
        32.018028020858765,
        32.12391781806946
    ],
    "EVAL": 11.2143075466156
}