{
    "PREP": 4.200597047805786,
    "EPOCHS": [
        34.521324634552,
        32.37929582595825,
        32.05625009536743,
        32.070913553237915,
        32.093459606170654
    ],
    "EVAL": 11.444931745529175
}