{
    "PREP": 4.249633312225342,
    "EPOCHS": [
        24.831366300582886,
        21.868835926055908
    ]
}