{
    "PREP": 4.450603246688843,
    "EPOCHS": [
        49.025643825531006,
        46.55410552024841,
        46.799463748931885,
        46.53225564956665,
        46.73130488395691
    ],
    "EVAL": 10.714840173721313
}