{
    "PREP": 4.350329875946045,
    "EPOCHS": [
        34.384610176086426,
        32.08802032470703,
        32.154741287231445,
        31.96711540222168,
        31.91808772087097
    ],
    "EVAL": 11.287007331848145
}