{
    "PREP": 4.220670461654663,
    "EPOCHS": [
        34.58679509162903,
        32.03390860557556,
        32.20389747619629,
        32.061121463775635,
        32.01573324203491
    ],
    "EVAL": 11.089093446731567
}