{
    "PREP": 4.284575700759888,
    "EPOCHS": [
        34.47500991821289,
        32.01579570770264,
        31.981754541397095,
        31.989373207092285,
        32.05794715881348
    ],
    "EVAL": 11.36850118637085
}