{
    "PREP": 4.250473976135254,
    "EPOCHS": [
        49.153972864151,
        46.7015163898468,
        46.50191283226013,
        46.55672574043274,
        46.474130630493164
    ],
    "EVAL": 10.867559671401978
}