{
    "PREP": 4.2121288776397705,
    "EPOCHS": [
        34.465885400772095,
        32.15210175514221,
        32.07733106613159,
        32.19381141662598,
        31.938385009765625
    ],
    "EVAL": 11.343997240066528
}