{
    "PREP": 2.695295572280884,
    "EPOCHS": [
        57.94652962684631,
        55.532371282577515,
        55.73901891708374,
        55.49962115287781,
        55.37439012527466
    ]
}