{
    "PREP": 4.205020904541016,
    "EPOCHS": [
        34.765713691711426,
        32.10118579864502,
        32.170541286468506,
        32.19786024093628,
        32.0571186542511
    ],
    "EVAL": 11.202139139175415
}