{
    "PREP": 4.234944581985474,
    "EPOCHS": [
        34.504393339157104,
        32.095664501190186,
        32.18702578544617,
        31.92489504814148,
        31.86604619026184
    ],
    "EVAL": 11.244200229644775
}