{
    "PREP": 4.256766319274902,
    "EPOCHS": [
        34.58889150619507,
        32.00850820541382,
        32.0363347530365,
        32.1967453956604,
        32.05690312385559
    ],
    "EVAL": 11.341832637786865
}