{
    "PREP": 4.232275485992432,
    "EPOCHS": [
        34.61707305908203,
        32.30226230621338,
        32.26048231124878,
        31.973902225494385,
        32.299325704574585
    ],
    "EVAL": 11.305100679397583
}