{
    "PREP": 4.322290658950806,
    "EPOCHS": [
        34.48335123062134,
        32.289543867111206,
        31.893439531326294,
        32.10021376609802,
        31.920488119125366
    ],
    "EVAL": 11.46611213684082
}