{
    "PREP": 4.271217346191406,
    "EPOCHS": [
        34.647929430007935,
        32.20776033401489,
        31.86994767189026,
        32.027926206588745,
        31.915539741516113
    ],
    "EVAL": 11.12496542930603
}